"LOCATION","INDICATOR","SUBJECT","MEASURE","FREQUENCY","TIME","Value","Flag Codes"
"AUS","OOF","TOT","MLN_USD","A","1961",2.054721,
"AUS","OOF","TOT","MLN_USD","A","1963",9.866475,
"AUS","OOF","TOT","MLN_USD","A","1964",38.371465,
"AUS","OOF","TOT","MLN_USD","A","1965",28.042745,
"AUS","OOF","TOT","MLN_USD","A","1966",18.091216,
"AUS","OOF","TOT","MLN_USD","A","1967",87.633648,
"AUS","OOF","TOT","MLN_USD","A","1968",-25.384778,
"AUS","OOF","TOT","MLN_USD","A","1970",54.031524,
"AUS","OOF","TOT","MLN_USD","A","1971",75.069849,
"AUS","OOF","TOT","MLN_USD","A","1972",27.441913,
"AUS","OOF","TOT","MLN_USD","A","1973",8.892712,
"AUS","OOF","TOT","MLN_USD","A","1974",-17.404275,
"AUS","OOF","TOT","MLN_USD","A","1975",-13.172021,
"AUS","OOF","TOT","MLN_USD","A","1976",-3.537994,
"AUS","OOF","TOT","MLN_USD","A","1977",-10.031163,
"AUS","OOF","TOT","MLN_USD","A","1978",4.70321,
"AUS","OOF","TOT","MLN_USD","A","1979",-5.868611,
"AUS","OOF","TOT","MLN_USD","A","1980",2.28354,
"AUS","OOF","TOT","MLN_USD","A","1981",2.47257,
"AUS","OOF","TOT","MLN_USD","A","1982",0.294318,
"AUS","OOF","TOT","MLN_USD","A","1983",48.580006,
"AUS","OOF","TOT","MLN_USD","A","1984",199.261773,
"AUS","OOF","TOT","MLN_USD","A","1985",81.997097,
"AUS","OOF","TOT","MLN_USD","A","1986",246.844246,
"AUS","OOF","TOT","MLN_USD","A","1987",-142.430595,
"AUS","OOF","TOT","MLN_USD","A","1988",28.024253,
"AUS","OOF","TOT","MLN_USD","A","1989",92.128609,
"AUS","OOF","TOT","MLN_USD","A","1990",-150.013025,
"AUS","OOF","TOT","MLN_USD","A","1991",-70.987367,
"AUS","OOF","TOT","MLN_USD","A","1992",297.550405,
"AUS","OOF","TOT","MLN_USD","A","1993",0,
"AUS","OOF","TOT","MLN_USD","A","1994",0,
"AUS","OOF","TOT","MLN_USD","A","1995",0,
"AUS","OOF","TOT","MLN_USD","A","1996",0,
"AUS","OOF","TOT","MLN_USD","A","1997",0.299464,
"AUS","OOF","TOT","MLN_USD","A","1998",24.501669,
"AUS","OOF","TOT","MLN_USD","A","1999",1284.229955,
"AUS","OOF","TOT","MLN_USD","A","2000",1173.638423,
"AUS","OOF","TOT","MLN_USD","A","2001",100.925955,
"AUS","OOF","TOT","MLN_USD","A","2002",102.121702,
"AUS","OOF","TOT","MLN_USD","A","2003",191.878425,
"AUS","OOF","TOT","MLN_USD","A","2004",135.489956,
"AUS","OOF","TOT","MLN_USD","A","2005",139.614117,
"AUS","OOF","TOT","MLN_USD","A","2006",248.736982,
"AUS","OOF","TOT","MLN_USD","A","2007",303.898391,
"AUS","OOF","TOT","MLN_USD","A","2008",157.781538,
"AUS","OOF","TOT","MLN_USD","A","2009",423.558161,
"AUS","OOF","TOT","MLN_USD","A","2010",250.361371,
"AUS","OOF","TOT","MLN_USD","A","2011",203.415807,
"AUS","OOF","TOT","MLN_USD","A","2012",257.07638,
"AUS","OOF","TOT","MLN_USD","A","2013",385.278423,
"AUS","OOF","TOT","MLN_USD","A","2014",127.864701,
"AUS","OOF","TOT","MLN_USD","A","2015",301.27765,
"AUS","OOF","TOT","MLN_USD","A","2016",476.311419,
"AUS","OOF","TOT","MLN_USD","A","2017",194.926264,
"AUS","OOF","TOT","MLN_USD","A","2018",199.48,
"AUT","OOF","TOT","MLN_USD","A","1960",-2.892728,
"AUT","OOF","TOT","MLN_USD","A","1961",-9.646199,
"AUT","OOF","TOT","MLN_USD","A","1962",152.026594,
"AUT","OOF","TOT","MLN_USD","A","1963",-26.823089,
"AUT","OOF","TOT","MLN_USD","A","1964",99.013761,
"AUT","OOF","TOT","MLN_USD","A","1965",242.718987,
"AUT","OOF","TOT","MLN_USD","A","1966",232.086542,
"AUT","OOF","TOT","MLN_USD","A","1967",123.695045,
"AUT","OOF","TOT","MLN_USD","A","1968",60.907912,
"AUT","OOF","TOT","MLN_USD","A","1969",21.947268,
"AUT","OOF","TOT","MLN_USD","A","1970",89.486259,
"AUT","OOF","TOT","MLN_USD","A","1971",-32.725016,
"AUT","OOF","TOT","MLN_USD","A","1972",-9.355277,
"AUT","OOF","TOT","MLN_USD","A","1973",0.71604,
"AUT","OOF","TOT","MLN_USD","A","1974",0,
"AUT","OOF","TOT","MLN_USD","A","1975",0,
"AUT","OOF","TOT","MLN_USD","A","1976",0,
"AUT","OOF","TOT","MLN_USD","A","1977",0,
"AUT","OOF","TOT","MLN_USD","A","1978",0,
"AUT","OOF","TOT","MLN_USD","A","1979",0,
"AUT","OOF","TOT","MLN_USD","A","1980",-102.22739,
"AUT","OOF","TOT","MLN_USD","A","1981",-80.000125,
"AUT","OOF","TOT","MLN_USD","A","1982",0,
"AUT","OOF","TOT","MLN_USD","A","1983",0,
"AUT","OOF","TOT","MLN_USD","A","1984",0,
"AUT","OOF","TOT","MLN_USD","A","1985",0,
"AUT","OOF","TOT","MLN_USD","A","1986",0,
"AUT","OOF","TOT","MLN_USD","A","1987",0,
"AUT","OOF","TOT","MLN_USD","A","1988",0,
"AUT","OOF","TOT","MLN_USD","A","1989",0,
"AUT","OOF","TOT","MLN_USD","A","1990",0,
"AUT","OOF","TOT","MLN_USD","A","1991",0,
"AUT","OOF","TOT","MLN_USD","A","1992",0,
"AUT","OOF","TOT","MLN_USD","A","1993",0,
"AUT","OOF","TOT","MLN_USD","A","1994",0,
"AUT","OOF","TOT","MLN_USD","A","1995",30.045691,
"AUT","OOF","TOT","MLN_USD","A","1996",248.332064,
"AUT","OOF","TOT","MLN_USD","A","1997",126.0009,
"AUT","OOF","TOT","MLN_USD","A","1998",0,
"AUT","OOF","TOT","MLN_USD","A","1999",0,
"AUT","OOF","TOT","MLN_USD","A","2000",0,
"AUT","OOF","TOT","MLN_USD","A","2001",0,
"AUT","OOF","TOT","MLN_USD","A","2002",0,
"AUT","OOF","TOT","MLN_USD","A","2003",0,
"AUT","OOF","TOT","MLN_USD","A","2004",0,
"AUT","OOF","TOT","MLN_USD","A","2005",584.314434,
"AUT","OOF","TOT","MLN_USD","A","2006",84.807108,
"AUT","OOF","TOT","MLN_USD","A","2007",13.882721,
"AUT","OOF","TOT","MLN_USD","A","2008",55.777237,
"AUT","OOF","TOT","MLN_USD","A","2009",6.790631,
"AUT","OOF","TOT","MLN_USD","A","2010",1.717646,
"AUT","OOF","TOT","MLN_USD","A","2011",0,
"AUT","OOF","TOT","MLN_USD","A","2012",0,
"AUT","OOF","TOT","MLN_USD","A","2013",196.102117,
"AUT","OOF","TOT","MLN_USD","A","2014",94.460043,
"AUT","OOF","TOT","MLN_USD","A","2015",29.581948,
"AUT","OOF","TOT","MLN_USD","A","2016",158.527906,
"AUT","OOF","TOT","MLN_USD","A","2017",55.537795,
"AUT","OOF","TOT","MLN_USD","A","2018",-4.3,
"BEL","OOF","TOT","MLN_USD","A","1966",41.547305,
"BEL","OOF","TOT","MLN_USD","A","1967",80.289021,
"BEL","OOF","TOT","MLN_USD","A","1968",141.499745,
"BEL","OOF","TOT","MLN_USD","A","1969",19.194515,
"BEL","OOF","TOT","MLN_USD","A","1970",8.683611,
"BEL","OOF","TOT","MLN_USD","A","1971",5.586739,
"BEL","OOF","TOT","MLN_USD","A","1972",76.125334,
"BEL","OOF","TOT","MLN_USD","A","1973",19.153572,
"BEL","OOF","TOT","MLN_USD","A","1974",6.9885,
"BEL","OOF","TOT","MLN_USD","A","1975",120.828048,
"BEL","OOF","TOT","MLN_USD","A","1976",95.776201,
"BEL","OOF","TOT","MLN_USD","A","1977",48.076794,
"BEL","OOF","TOT","MLN_USD","A","1978",137.854703,
"BEL","OOF","TOT","MLN_USD","A","1979",61.3322,
"BEL","OOF","TOT","MLN_USD","A","1980",393.301708,
"BEL","OOF","TOT","MLN_USD","A","1981",179.434759,
"BEL","OOF","TOT","MLN_USD","A","1982",378.031339,
"BEL","OOF","TOT","MLN_USD","A","1983",247.020825,
"BEL","OOF","TOT","MLN_USD","A","1984",717.573349,
"BEL","OOF","TOT","MLN_USD","A","1985",297.330408,
"BEL","OOF","TOT","MLN_USD","A","1986",97.850706,
"BEL","OOF","TOT","MLN_USD","A","1987",674.514668,
"BEL","OOF","TOT","MLN_USD","A","1988",794.69719,
"BEL","OOF","TOT","MLN_USD","A","1989",726.543436,
"BEL","OOF","TOT","MLN_USD","A","1990",358.934981,
"BEL","OOF","TOT","MLN_USD","A","1991",265.717505,
"BEL","OOF","TOT","MLN_USD","A","1992",707.187367,
"BEL","OOF","TOT","MLN_USD","A","1993",272.647934,
"BEL","OOF","TOT","MLN_USD","A","1994",1037.817442,
"BEL","OOF","TOT","MLN_USD","A","1995",339.248648,
"BEL","OOF","TOT","MLN_USD","A","1996",121.57226,
"BEL","OOF","TOT","MLN_USD","A","1997",-2.421902,
"BEL","OOF","TOT","MLN_USD","A","1998",117.000627,
"BEL","OOF","TOT","MLN_USD","A","1999",-115.697066,
"BEL","OOF","TOT","MLN_USD","A","2000",-15.01872,
"BEL","OOF","TOT","MLN_USD","A","2001",12.238833,
"BEL","OOF","TOT","MLN_USD","A","2002",172.258849,
"BEL","OOF","TOT","MLN_USD","A","2003",1276.274662,
"BEL","OOF","TOT","MLN_USD","A","2004",-110.722064,
"BEL","OOF","TOT","MLN_USD","A","2005",456.796534,
"BEL","OOF","TOT","MLN_USD","A","2006",-490.811323,
"BEL","OOF","TOT","MLN_USD","A","2007",-164.153881,
"BEL","OOF","TOT","MLN_USD","A","2008",-130.516112,
"BEL","OOF","TOT","MLN_USD","A","2009",87.982327,
"BEL","OOF","TOT","MLN_USD","A","2010",-15.199778,
"BEL","OOF","TOT","MLN_USD","A","2011",-14.014629,
"BEL","OOF","TOT","MLN_USD","A","2012",54.915857,
"BEL","OOF","TOT","MLN_USD","A","2013",73.030515,
"BEL","OOF","TOT","MLN_USD","A","2014",-41.772532,
"BEL","OOF","TOT","MLN_USD","A","2015",-80.596849,
"BEL","OOF","TOT","MLN_USD","A","2016",365.123689,
"BEL","OOF","TOT","MLN_USD","A","2017",55.07555,
"BEL","OOF","TOT","MLN_USD","A","2018",-26.68,
"CAN","OOF","TOT","MLN_USD","A","1961",6.418532,
"CAN","OOF","TOT","MLN_USD","A","1962",147.806156,
"CAN","OOF","TOT","MLN_USD","A","1963",245.095179,
"CAN","OOF","TOT","MLN_USD","A","1964",355.403764,
"CAN","OOF","TOT","MLN_USD","A","1965",191.056127,
"CAN","OOF","TOT","MLN_USD","A","1966",160.983165,
"CAN","OOF","TOT","MLN_USD","A","1967",94.702378,
"CAN","OOF","TOT","MLN_USD","A","1968",237.035641,
"CAN","OOF","TOT","MLN_USD","A","1969",288.565883,
"CAN","OOF","TOT","MLN_USD","A","1970",300.524617,
"CAN","OOF","TOT","MLN_USD","A","1971",293.541043,
"CAN","OOF","TOT","MLN_USD","A","1972",518.266968,
"CAN","OOF","TOT","MLN_USD","A","1973",34.675697,
"CAN","OOF","TOT","MLN_USD","A","1974",567.084341,
"CAN","OOF","TOT","MLN_USD","A","1975",540.788044,
"CAN","OOF","TOT","MLN_USD","A","1976",1028.686489,
"CAN","OOF","TOT","MLN_USD","A","1977",968.274458,
"CAN","OOF","TOT","MLN_USD","A","1978",1294.73644,
"CAN","OOF","TOT","MLN_USD","A","1979",1152.268353,
"CAN","OOF","TOT","MLN_USD","A","1980",68.455213,
"CAN","OOF","TOT","MLN_USD","A","1981",62.661791,
"CAN","OOF","TOT","MLN_USD","A","1982",1270.889965,
"CAN","OOF","TOT","MLN_USD","A","1983",61.636522,
"CAN","OOF","TOT","MLN_USD","A","1984",166.008242,
"CAN","OOF","TOT","MLN_USD","A","1985",39.280242,
"CAN","OOF","TOT","MLN_USD","A","1986",-6.469273,
"CAN","OOF","TOT","MLN_USD","A","1987",11.785339,
"CAN","OOF","TOT","MLN_USD","A","1988",118.630879,
"CAN","OOF","TOT","MLN_USD","A","1989",587.852411,
"CAN","OOF","TOT","MLN_USD","A","1990",794.967732,
"CAN","OOF","TOT","MLN_USD","A","1991",770.078695,
"CAN","OOF","TOT","MLN_USD","A","1992",0,
"CAN","OOF","TOT","MLN_USD","A","1993",0,
"CAN","OOF","TOT","MLN_USD","A","1994",0,
"CAN","OOF","TOT","MLN_USD","A","1995",0,
"CAN","OOF","TOT","MLN_USD","A","1996",0,
"CAN","OOF","TOT","MLN_USD","A","1997",0,
"CAN","OOF","TOT","MLN_USD","A","1998",0,
"CAN","OOF","TOT","MLN_USD","A","1999",0,
"CAN","OOF","TOT","MLN_USD","A","2000",0,
"CAN","OOF","TOT","MLN_USD","A","2001",2.807533,
"CAN","OOF","TOT","MLN_USD","A","2002",30.480791,
"CAN","OOF","TOT","MLN_USD","A","2003",-3.721762,
"CAN","OOF","TOT","MLN_USD","A","2004",-106.916079,
"CAN","OOF","TOT","MLN_USD","A","2005",-179.817015,
"CAN","OOF","TOT","MLN_USD","A","2006",-255.476173,
"CAN","OOF","TOT","MLN_USD","A","2007",-227.461485,
"CAN","OOF","TOT","MLN_USD","A","2008",-65.093481,
"CAN","OOF","TOT","MLN_USD","A","2009",-56.040862,
"CAN","OOF","TOT","MLN_USD","A","2010",-28.716044,
"CAN","OOF","TOT","MLN_USD","A","2011",-25.621923,
"CAN","OOF","TOT","MLN_USD","A","2012",0,
"CAN","OOF","TOT","MLN_USD","A","2013",121.162887,
"CAN","OOF","TOT","MLN_USD","A","2014",55.364859,
"CAN","OOF","TOT","MLN_USD","A","2015",61.023537,
"CAN","OOF","TOT","MLN_USD","A","2016",62.812725,
"CAN","OOF","TOT","MLN_USD","A","2017",72.957624,
"CAN","OOF","TOT","MLN_USD","A","2018",-65.21,
"DNK","OOF","TOT","MLN_USD","A","1960",3.321684,
"DNK","OOF","TOT","MLN_USD","A","1962",-1.034458,
"DNK","OOF","TOT","MLN_USD","A","1963",11.894295,
"DNK","OOF","TOT","MLN_USD","A","1964",7.45949,
"DNK","OOF","TOT","MLN_USD","A","1966",50.384288,
"DNK","OOF","TOT","MLN_USD","A","1967",19.475376,
"DNK","OOF","TOT","MLN_USD","A","1969",4.628731,
"DNK","OOF","TOT","MLN_USD","A","1970",-21.509745,
"DNK","OOF","TOT","MLN_USD","A","1971",16.035162,
"DNK","OOF","TOT","MLN_USD","A","1972",18.263993,
"DNK","OOF","TOT","MLN_USD","A","1973",6.380035,
"DNK","OOF","TOT","MLN_USD","A","1974",12.155323,
"DNK","OOF","TOT","MLN_USD","A","1975",10.387965,
"DNK","OOF","TOT","MLN_USD","A","1976",119.717038,
"DNK","OOF","TOT","MLN_USD","A","1977",314.35376,
"DNK","OOF","TOT","MLN_USD","A","1978",347.171931,
"DNK","OOF","TOT","MLN_USD","A","1979",337.269784,
"DNK","OOF","TOT","MLN_USD","A","1980",321.401661,
"DNK","OOF","TOT","MLN_USD","A","1981",270.379915,
"DNK","OOF","TOT","MLN_USD","A","1982",253.666016,
"DNK","OOF","TOT","MLN_USD","A","1983",101.849623,
"DNK","OOF","TOT","MLN_USD","A","1984",190.885545,
"DNK","OOF","TOT","MLN_USD","A","1985",-40.519868,
"DNK","OOF","TOT","MLN_USD","A","1986",-185.354328,
"DNK","OOF","TOT","MLN_USD","A","1987",-17.84366,
"DNK","OOF","TOT","MLN_USD","A","1988",-69.145938,
"DNK","OOF","TOT","MLN_USD","A","1989",-58.641812,
"DNK","OOF","TOT","MLN_USD","A","1990",48.35279,
"DNK","OOF","TOT","MLN_USD","A","1991",39.043016,
"DNK","OOF","TOT","MLN_USD","A","1992",-135.405605,
"DNK","OOF","TOT","MLN_USD","A","1993",-18.446227,
"DNK","OOF","TOT","MLN_USD","A","1994",-113.551235,
"DNK","OOF","TOT","MLN_USD","A","1995",77.268232,
"DNK","OOF","TOT","MLN_USD","A","1996",-30.121552,
"DNK","OOF","TOT","MLN_USD","A","1997",216.437013,
"DNK","OOF","TOT","MLN_USD","A","1998",192.610024,
"DNK","OOF","TOT","MLN_USD","A","1999",-293.303124,
"DNK","OOF","TOT","MLN_USD","A","2000",-4.557871,
"DNK","OOF","TOT","MLN_USD","A","2001",-6.922193,
"DNK","OOF","TOT","MLN_USD","A","2002",-5.337637,
"DNK","OOF","TOT","MLN_USD","A","2003",54.713192,
"DNK","OOF","TOT","MLN_USD","A","2004",43.738047,
"DNK","OOF","TOT","MLN_USD","A","2005",16.109298,
"DNK","OOF","TOT","MLN_USD","A","2006",37.777803,
"DNK","OOF","TOT","MLN_USD","A","2007",28.672875,
"DNK","OOF","TOT","MLN_USD","A","2008",-1.850263,
"DNK","OOF","TOT","MLN_USD","A","2009",219.287104,
"DNK","OOF","TOT","MLN_USD","A","2010",10.044788,
"DNK","OOF","TOT","MLN_USD","A","2011",39.629517,
"DNK","OOF","TOT","MLN_USD","A","2012",-115.079214,
"DNK","OOF","TOT","MLN_USD","A","2013",105.535406,
"DNK","OOF","TOT","MLN_USD","A","2014",-97.065176,
"DNK","OOF","TOT","MLN_USD","A","2015",122.588303,
"DNK","OOF","TOT","MLN_USD","A","2016",-100.883424,
"DNK","OOF","TOT","MLN_USD","A","2017",-58.443243,
"DNK","OOF","TOT","MLN_USD","A","2018",237.02,
"FIN","OOF","TOT","MLN_USD","A","1961",7.069043,
"FIN","OOF","TOT","MLN_USD","A","1964",8.669408,
"FIN","OOF","TOT","MLN_USD","A","1965",-20.63498,
"FIN","OOF","TOT","MLN_USD","A","1967",3.129169,
"FIN","OOF","TOT","MLN_USD","A","1968",23.985162,
"FIN","OOF","TOT","MLN_USD","A","1969",62.474317,
"FIN","OOF","TOT","MLN_USD","A","1970",15.056918,
"FIN","OOF","TOT","MLN_USD","A","1971",17.660261,
"FIN","OOF","TOT","MLN_USD","A","1972",85.257261,
"FIN","OOF","TOT","MLN_USD","A","1973",-50.686913,
"FIN","OOF","TOT","MLN_USD","A","1974",-5.208906,
"FIN","OOF","TOT","MLN_USD","A","1975",-5.04017,
"FIN","OOF","TOT","MLN_USD","A","1976",-0.347358,
"FIN","OOF","TOT","MLN_USD","A","1977",-14.197005,
"FIN","OOF","TOT","MLN_USD","A","1978",-13.428721,
"FIN","OOF","TOT","MLN_USD","A","1979",-5.1771,
"FIN","OOF","TOT","MLN_USD","A","1980",13.532913,
"FIN","OOF","TOT","MLN_USD","A","1981",-4.011868,
"FIN","OOF","TOT","MLN_USD","A","1982",-1.766991,
"FIN","OOF","TOT","MLN_USD","A","1983",4.311954,
"FIN","OOF","TOT","MLN_USD","A","1984",256.202842,
"FIN","OOF","TOT","MLN_USD","A","1985",93.103989,
"FIN","OOF","TOT","MLN_USD","A","1986",20.409649,
"FIN","OOF","TOT","MLN_USD","A","1987",-30.836121,
"FIN","OOF","TOT","MLN_USD","A","1988",29.157621,
"FIN","OOF","TOT","MLN_USD","A","1992",0,
"FIN","OOF","TOT","MLN_USD","A","1993",4.954044,
"FIN","OOF","TOT","MLN_USD","A","1994",105.592275,
"FIN","OOF","TOT","MLN_USD","A","1995",0.378747,
"FIN","OOF","TOT","MLN_USD","A","1996",0,
"FIN","OOF","TOT","MLN_USD","A","1997",0,
"FIN","OOF","TOT","MLN_USD","A","1998",0,
"FIN","OOF","TOT","MLN_USD","A","1999",20.621632,
"FIN","OOF","TOT","MLN_USD","A","2000",3.706078,
"FIN","OOF","TOT","MLN_USD","A","2001",13.795643,
"FIN","OOF","TOT","MLN_USD","A","2002",5.327525,
"FIN","OOF","TOT","MLN_USD","A","2003",9.443578,
"FIN","OOF","TOT","MLN_USD","A","2004",-3.374018,
"FIN","OOF","TOT","MLN_USD","A","2007",22.551198,
"FIN","OOF","TOT","MLN_USD","A","2008",21.60416,
"FIN","OOF","TOT","MLN_USD","A","2009",56.005716,
"FIN","OOF","TOT","MLN_USD","A","2010",44.512918,
"FIN","OOF","TOT","MLN_USD","A","2011",-10.041141,
"FIN","OOF","TOT","MLN_USD","A","2012",11.156567,
"FIN","OOF","TOT","MLN_USD","A","2013",-29.266293,
"FIN","OOF","TOT","MLN_USD","A","2014",10.247167,
"FIN","OOF","TOT","MLN_USD","A","2015",23.037278,
"FIN","OOF","TOT","MLN_USD","A","2016",53.218804,
"FIN","OOF","TOT","MLN_USD","A","2017",73.476424,
"FIN","OOF","TOT","MLN_USD","A","2018",79.56,
"FRA","OOF","TOT","MLN_USD","A","1960",227.237129,
"FRA","OOF","TOT","MLN_USD","A","1961",354.179958,
"FRA","OOF","TOT","MLN_USD","A","1962",263.248762,
"FRA","OOF","TOT","MLN_USD","A","1963",242.7901,
"FRA","OOF","TOT","MLN_USD","A","1964",212.079985,
"FRA","OOF","TOT","MLN_USD","A","1965",242.706593,
"FRA","OOF","TOT","MLN_USD","A","1966",152.506334,
"FRA","OOF","TOT","MLN_USD","A","1967",120.382907,
"FRA","OOF","TOT","MLN_USD","A","1968",137.42846,
"FRA","OOF","TOT","MLN_USD","A","1969",22.950555,
"FRA","OOF","TOT","MLN_USD","A","1970",185.083071,
"FRA","OOF","TOT","MLN_USD","A","1971",312.222626,
"FRA","OOF","TOT","MLN_USD","A","1972",115.422456,
"FRA","OOF","TOT","MLN_USD","A","1973",338.018767,
"FRA","OOF","TOT","MLN_USD","A","1974",802.071849,
"FRA","OOF","TOT","MLN_USD","A","1975",1102.000281,
"FRA","OOF","TOT","MLN_USD","A","1976",856.260062,
"FRA","OOF","TOT","MLN_USD","A","1977",495.484695,
"FRA","OOF","TOT","MLN_USD","A","1978",1222.249504,
"FRA","OOF","TOT","MLN_USD","A","1979",536.150082,
"FRA","OOF","TOT","MLN_USD","A","1980",920.219295,
"FRA","OOF","TOT","MLN_USD","A","1981",575.075538,
"FRA","OOF","TOT","MLN_USD","A","1982",711.409682,
"FRA","OOF","TOT","MLN_USD","A","1983",1018.753977,
"FRA","OOF","TOT","MLN_USD","A","1984",3010.16326,
"FRA","OOF","TOT","MLN_USD","A","1985",2275.371193,
"FRA","OOF","TOT","MLN_USD","A","1986",1385.72848,
"FRA","OOF","TOT","MLN_USD","A","1987",3085.456287,
"FRA","OOF","TOT","MLN_USD","A","1988",751.225296,
"FRA","OOF","TOT","MLN_USD","A","1989",768.350902,
"FRA","OOF","TOT","MLN_USD","A","1990",910.47235,
"FRA","OOF","TOT","MLN_USD","A","1991",985.508704,
"FRA","OOF","TOT","MLN_USD","A","1992",734.98067,
"FRA","OOF","TOT","MLN_USD","A","1993",4.906439,
"FRA","OOF","TOT","MLN_USD","A","1994",46.140901,
"FRA","OOF","TOT","MLN_USD","A","1995",-202.336927,
"FRA","OOF","TOT","MLN_USD","A","1996",-440.827024,
"FRA","OOF","TOT","MLN_USD","A","1997",189.171062,
"FRA","OOF","TOT","MLN_USD","A","1998",-261.412338,
"FRA","OOF","TOT","MLN_USD","A","1999",-4.898381,
"FRA","OOF","TOT","MLN_USD","A","2000",22.811993,
"FRA","OOF","TOT","MLN_USD","A","2001",-63.724996,
"FRA","OOF","TOT","MLN_USD","A","2002",969.88389,
"FRA","OOF","TOT","MLN_USD","A","2003",4682.692019,
"FRA","OOF","TOT","MLN_USD","A","2004",-241.748052,
"FRA","OOF","TOT","MLN_USD","A","2005",-1525.17844,
"FRA","OOF","TOT","MLN_USD","A","2006",23.08325,
"FRA","OOF","TOT","MLN_USD","A","2007",-110.581828,
"FRA","OOF","TOT","MLN_USD","A","2008",284.81362,
"FRA","OOF","TOT","MLN_USD","A","2009",518.524309,
"FRA","OOF","TOT","MLN_USD","A","2010",476.596015,
"FRA","OOF","TOT","MLN_USD","A","2011",782.075817,
"FRA","OOF","TOT","MLN_USD","A","2012",662.86962,
"FRA","OOF","TOT","MLN_USD","A","2013",726.387893,
"FRA","OOF","TOT","MLN_USD","A","2014",622.465437,
"FRA","OOF","TOT","MLN_USD","A","2015",454.659847,
"FRA","OOF","TOT","MLN_USD","A","2016",132.24944,
"FRA","OOF","TOT","MLN_USD","A","2017",-19.17395,
"FRA","OOF","TOT","MLN_USD","A","2018",-207.68,
"DEU","OOF","TOT","MLN_USD","A","1960",1008.912004,
"DEU","OOF","TOT","MLN_USD","A","1961",1824.67593,
"DEU","OOF","TOT","MLN_USD","A","1962",424.806716,
"DEU","OOF","TOT","MLN_USD","A","1963",307.694205,
"DEU","OOF","TOT","MLN_USD","A","1964",-233.516159,
"DEU","OOF","TOT","MLN_USD","A","1965",94.913951,
"DEU","OOF","TOT","MLN_USD","A","1966",404.519843,
"DEU","OOF","TOT","MLN_USD","A","1967",226.85764,
"DEU","OOF","TOT","MLN_USD","A","1968",223.220781,
"DEU","OOF","TOT","MLN_USD","A","1969",-285.490035,
"DEU","OOF","TOT","MLN_USD","A","1970",940.27991,
"DEU","OOF","TOT","MLN_USD","A","1971",1036.758508,
"DEU","OOF","TOT","MLN_USD","A","1972",821.76499,
"DEU","OOF","TOT","MLN_USD","A","1973",999.490594,
"DEU","OOF","TOT","MLN_USD","A","1974",111.86293,
"DEU","OOF","TOT","MLN_USD","A","1975",-17.18527,
"DEU","OOF","TOT","MLN_USD","A","1976",170.288319,
"DEU","OOF","TOT","MLN_USD","A","1977",-39.125142,
"DEU","OOF","TOT","MLN_USD","A","1978",-47.135434,
"DEU","OOF","TOT","MLN_USD","A","1979",71.726274,
"DEU","OOF","TOT","MLN_USD","A","1980",650.613384,
"DEU","OOF","TOT","MLN_USD","A","1981",739.389454,
"DEU","OOF","TOT","MLN_USD","A","1982",95.015782,
"DEU","OOF","TOT","MLN_USD","A","1983",448.1383,
"DEU","OOF","TOT","MLN_USD","A","1984",1940.574909,
"DEU","OOF","TOT","MLN_USD","A","1985",1870.977836,
"DEU","OOF","TOT","MLN_USD","A","1986",1430.991193,
"DEU","OOF","TOT","MLN_USD","A","1987",2753.348963,
"DEU","OOF","TOT","MLN_USD","A","1988",2089.562395,
"DEU","OOF","TOT","MLN_USD","A","1989",1838.120634,
"DEU","OOF","TOT","MLN_USD","A","1990",2981.240023,
"DEU","OOF","TOT","MLN_USD","A","1991",2162.511121,
"DEU","OOF","TOT","MLN_USD","A","1992",336.175326,
"DEU","OOF","TOT","MLN_USD","A","1993",2070.813012,
"DEU","OOF","TOT","MLN_USD","A","1994",4192.497094,
"DEU","OOF","TOT","MLN_USD","A","1995",607.49337,
"DEU","OOF","TOT","MLN_USD","A","1996",-450.837053,
"DEU","OOF","TOT","MLN_USD","A","1997",-1309.367039,
"DEU","OOF","TOT","MLN_USD","A","1998",-827.75665,
"DEU","OOF","TOT","MLN_USD","A","1999",-188.257031,
"DEU","OOF","TOT","MLN_USD","A","2000",-166.951968,
"DEU","OOF","TOT","MLN_USD","A","2001",-799.724765,
"DEU","OOF","TOT","MLN_USD","A","2002",6931.468898,
"DEU","OOF","TOT","MLN_USD","A","2003",-2441.385195,
"DEU","OOF","TOT","MLN_USD","A","2004",-339.136087,
"DEU","OOF","TOT","MLN_USD","A","2005",12027.058132,
"DEU","OOF","TOT","MLN_USD","A","2006",-3127.272825,
"DEU","OOF","TOT","MLN_USD","A","2007",571.698268,
"DEU","OOF","TOT","MLN_USD","A","2008",1401.621196,
"DEU","OOF","TOT","MLN_USD","A","2009",543.047347,
"DEU","OOF","TOT","MLN_USD","A","2010",68.254634,
"DEU","OOF","TOT","MLN_USD","A","2011",-136.201652,
"DEU","OOF","TOT","MLN_USD","A","2012",-91.671935,
"DEU","OOF","TOT","MLN_USD","A","2013",-81.3213,
"DEU","OOF","TOT","MLN_USD","A","2014",143.881935,
"DEU","OOF","TOT","MLN_USD","A","2015",1462.823627,
"DEU","OOF","TOT","MLN_USD","A","2016",-501.535233,
"DEU","OOF","TOT","MLN_USD","A","2017",-378.972686,
"DEU","OOF","TOT","MLN_USD","A","2018",-117.46,
"GRC","OOF","TOT","MLN_USD","A","1997",0,
"GRC","OOF","TOT","MLN_USD","A","1998",0,
"GRC","OOF","TOT","MLN_USD","A","1999",0,
"GRC","OOF","TOT","MLN_USD","A","2000",0,
"GRC","OOF","TOT","MLN_USD","A","2004",3.833953,
"GRC","OOF","TOT","MLN_USD","A","2006",8.294602,
"GRC","OOF","TOT","MLN_USD","A","2007",3.171548,
"GRC","OOF","TOT","MLN_USD","A","2008",0.890566,
"ITA","OOF","TOT","MLN_USD","A","1960",364.287666,
"ITA","OOF","TOT","MLN_USD","A","1961",254.827598,
"ITA","OOF","TOT","MLN_USD","A","1962",361.732683,
"ITA","OOF","TOT","MLN_USD","A","1963",88.052415,
"ITA","OOF","TOT","MLN_USD","A","1964",-74.966673,
"ITA","OOF","TOT","MLN_USD","A","1965",322.027885,
"ITA","OOF","TOT","MLN_USD","A","1966",347.130222,
"ITA","OOF","TOT","MLN_USD","A","1967",11.282193,
"ITA","OOF","TOT","MLN_USD","A","1968",31.779307,
"ITA","OOF","TOT","MLN_USD","A","1969",154.455492,
"ITA","OOF","TOT","MLN_USD","A","1970",242.520916,
"ITA","OOF","TOT","MLN_USD","A","1971",181.959207,
"ITA","OOF","TOT","MLN_USD","A","1972",169.297769,
"ITA","OOF","TOT","MLN_USD","A","1973",643.640517,
"ITA","OOF","TOT","MLN_USD","A","1974",156.26479,
"ITA","OOF","TOT","MLN_USD","A","1975",709.193199,
"ITA","OOF","TOT","MLN_USD","A","1976",1874.234278,
"ITA","OOF","TOT","MLN_USD","A","1977",994.808301,
"ITA","OOF","TOT","MLN_USD","A","1978",692.568654,
"ITA","OOF","TOT","MLN_USD","A","1979",760.917645,
"ITA","OOF","TOT","MLN_USD","A","1980",996.847834,
"ITA","OOF","TOT","MLN_USD","A","1981",946.036059,
"ITA","OOF","TOT","MLN_USD","A","1982",1473.723951,
"ITA","OOF","TOT","MLN_USD","A","1983",1528.820561,
"ITA","OOF","TOT","MLN_USD","A","1984",1596.673123,
"ITA","OOF","TOT","MLN_USD","A","1985",2096.134122,
"ITA","OOF","TOT","MLN_USD","A","1986",1774.701111,
"ITA","OOF","TOT","MLN_USD","A","1987",2100.472338,
"ITA","OOF","TOT","MLN_USD","A","1988",915.397766,
"ITA","OOF","TOT","MLN_USD","A","1989",1732.004736,
"ITA","OOF","TOT","MLN_USD","A","1990",1791.935554,
"ITA","OOF","TOT","MLN_USD","A","1991",769.896185,
"ITA","OOF","TOT","MLN_USD","A","1992",1605.766238,
"ITA","OOF","TOT","MLN_USD","A","1993",254.195253,
"ITA","OOF","TOT","MLN_USD","A","1994",1505.254781,
"ITA","OOF","TOT","MLN_USD","A","1995",2981.206855,
"ITA","OOF","TOT","MLN_USD","A","1996",2857.639634,
"ITA","OOF","TOT","MLN_USD","A","1997",1648.424404,
"ITA","OOF","TOT","MLN_USD","A","1998",221.594314,
"ITA","OOF","TOT","MLN_USD","A","1999",293.746995,
"ITA","OOF","TOT","MLN_USD","A","2000",181.232469,
"ITA","OOF","TOT","MLN_USD","A","2001",108.578549,
"ITA","OOF","TOT","MLN_USD","A","2002",408.149301,
"ITA","OOF","TOT","MLN_USD","A","2003",537.820734,
"ITA","OOF","TOT","MLN_USD","A","2004",2341.307902,
"ITA","OOF","TOT","MLN_USD","A","2005",104.033762,
"ITA","OOF","TOT","MLN_USD","A","2006",175.541998,
"ITA","OOF","TOT","MLN_USD","A","2007",135.668187,
"ITA","OOF","TOT","MLN_USD","A","2008",939.366822,
"ITA","OOF","TOT","MLN_USD","A","2009",40.32371,
"ITA","OOF","TOT","MLN_USD","A","2010",9.467603,
"ITA","OOF","TOT","MLN_USD","A","2011",164.320008,
"ITA","OOF","TOT","MLN_USD","A","2012",190.613181,
"ITA","OOF","TOT","MLN_USD","A","2013",149.65614,
"ITA","OOF","TOT","MLN_USD","A","2014",88.495814,
"ITA","OOF","TOT","MLN_USD","A","2015",47.042517,
"ITA","OOF","TOT","MLN_USD","A","2016",54.929836,
"ITA","OOF","TOT","MLN_USD","A","2017",116.696624,
"ITA","OOF","TOT","MLN_USD","A","2018",37.14,
"JPN","OOF","TOT","MLN_USD","A","1960",490.318257,
"JPN","OOF","TOT","MLN_USD","A","1961",1347.803395,
"JPN","OOF","TOT","MLN_USD","A","1962",940.470914,
"JPN","OOF","TOT","MLN_USD","A","1963",387.87685,
"JPN","OOF","TOT","MLN_USD","A","1964",970.477244,
"JPN","OOF","TOT","MLN_USD","A","1965",1064.07218,
"JPN","OOF","TOT","MLN_USD","A","1966",1686.01477,
"JPN","OOF","TOT","MLN_USD","A","1967",1739.431576,
"JPN","OOF","TOT","MLN_USD","A","1968",2489.525646,
"JPN","OOF","TOT","MLN_USD","A","1969",513.55893,
"JPN","OOF","TOT","MLN_USD","A","1970",5054.892023,
"JPN","OOF","TOT","MLN_USD","A","1971",2554.896226,
"JPN","OOF","TOT","MLN_USD","A","1972",3322.096607,
"JPN","OOF","TOT","MLN_USD","A","1973",4072.375478,
"JPN","OOF","TOT","MLN_USD","A","1974",2682.320804,
"JPN","OOF","TOT","MLN_USD","A","1975",4691.487042,
"JPN","OOF","TOT","MLN_USD","A","1976",4312.476585,
"JPN","OOF","TOT","MLN_USD","A","1977",3683.938806,
"JPN","OOF","TOT","MLN_USD","A","1978",3195.486652,
"JPN","OOF","TOT","MLN_USD","A","1979",-105.078758,
"JPN","OOF","TOT","MLN_USD","A","1980",1874.695035,
"JPN","OOF","TOT","MLN_USD","A","1981",5526.89627,
"JPN","OOF","TOT","MLN_USD","A","1982",5485.002252,
"JPN","OOF","TOT","MLN_USD","A","1983",2993.11537,
"JPN","OOF","TOT","MLN_USD","A","1984",710.38794,
"JPN","OOF","TOT","MLN_USD","A","1985",-924.665897,
"JPN","OOF","TOT","MLN_USD","A","1986",-1156.186209,
"JPN","OOF","TOT","MLN_USD","A","1987",-2309.414765,
"JPN","OOF","TOT","MLN_USD","A","1988",-336.498556,
"JPN","OOF","TOT","MLN_USD","A","1989",2160.997204,
"JPN","OOF","TOT","MLN_USD","A","1990",4219.36037,
"JPN","OOF","TOT","MLN_USD","A","1991",2701.25777,
"JPN","OOF","TOT","MLN_USD","A","1992",2747.83203,
"JPN","OOF","TOT","MLN_USD","A","1993",2822.005717,
"JPN","OOF","TOT","MLN_USD","A","1994",2603.90825,
"JPN","OOF","TOT","MLN_USD","A","1995",4138.476301,
"JPN","OOF","TOT","MLN_USD","A","1996",821.148589,
"JPN","OOF","TOT","MLN_USD","A","1997",3815.341982,
"JPN","OOF","TOT","MLN_USD","A","1998",11207.921403,
"JPN","OOF","TOT","MLN_USD","A","1999",8707.364128,
"JPN","OOF","TOT","MLN_USD","A","2000",-3342.043503,
"JPN","OOF","TOT","MLN_USD","A","2001",-1323.904099,
"JPN","OOF","TOT","MLN_USD","A","2002",-3847.040287,
"JPN","OOF","TOT","MLN_USD","A","2003",-1990.688134,
"JPN","OOF","TOT","MLN_USD","A","2004",-2027.376334,
"JPN","OOF","TOT","MLN_USD","A","2005",-1109.965497,
"JPN","OOF","TOT","MLN_USD","A","2006",3820.002041,
"JPN","OOF","TOT","MLN_USD","A","2007",1023.553167,
"JPN","OOF","TOT","MLN_USD","A","2008",-1253.214839,
"JPN","OOF","TOT","MLN_USD","A","2009",7587.273052,
"JPN","OOF","TOT","MLN_USD","A","2010",3776.31467,
"JPN","OOF","TOT","MLN_USD","A","2011",2615.299403,
"JPN","OOF","TOT","MLN_USD","A","2012",4431.633473,
"JPN","OOF","TOT","MLN_USD","A","2013",1504.088184,
"JPN","OOF","TOT","MLN_USD","A","2014",-915.654946,
"JPN","OOF","TOT","MLN_USD","A","2015",-1213.009334,
"JPN","OOF","TOT","MLN_USD","A","2016",-2585.964374,
"JPN","OOF","TOT","MLN_USD","A","2017",-3013.935969,
"JPN","OOF","TOT","MLN_USD","A","2018",719.28,
"KOR","OOF","TOT","MLN_USD","A","1987",-156.967735,
"KOR","OOF","TOT","MLN_USD","A","1988",92.948918,
"KOR","OOF","TOT","MLN_USD","A","1989",240.914324,
"KOR","OOF","TOT","MLN_USD","A","1990",193.27048,
"KOR","OOF","TOT","MLN_USD","A","1991",-355.925067,
"KOR","OOF","TOT","MLN_USD","A","1992",-230.738565,
"KOR","OOF","TOT","MLN_USD","A","1993",15.646807,
"KOR","OOF","TOT","MLN_USD","A","1994",1149.639816,
"KOR","OOF","TOT","MLN_USD","A","1995",514.006065,
"KOR","OOF","TOT","MLN_USD","A","1996",-80.304832,
"KOR","OOF","TOT","MLN_USD","A","1997",8.077309,
"KOR","OOF","TOT","MLN_USD","A","1998",-1082.877528,
"KOR","OOF","TOT","MLN_USD","A","1999",-439.704705,
"KOR","OOF","TOT","MLN_USD","A","2000",-1247.436311,
"KOR","OOF","TOT","MLN_USD","A","2001",-714.852271,
"KOR","OOF","TOT","MLN_USD","A","2002",126.690094,
"KOR","OOF","TOT","MLN_USD","A","2003",66.454192,
"KOR","OOF","TOT","MLN_USD","A","2004",-2.418974,
"KOR","OOF","TOT","MLN_USD","A","2005",426.524351,
"KOR","OOF","TOT","MLN_USD","A","2006",803.680873,
"KOR","OOF","TOT","MLN_USD","A","2007",421.21517,
"KOR","OOF","TOT","MLN_USD","A","2008",1931.091115,
"KOR","OOF","TOT","MLN_USD","A","2009",752.101928,
"KOR","OOF","TOT","MLN_USD","A","2010",2187.82974,
"KOR","OOF","TOT","MLN_USD","A","2011",2455.83874,
"KOR","OOF","TOT","MLN_USD","A","2012",1112.886308,
"KOR","OOF","TOT","MLN_USD","A","2013",995.415429,
"KOR","OOF","TOT","MLN_USD","A","2014",1746.956921,
"KOR","OOF","TOT","MLN_USD","A","2015",1514.417507,
"KOR","OOF","TOT","MLN_USD","A","2016",243.479552,
"KOR","OOF","TOT","MLN_USD","A","2017",385.820929,
"KOR","OOF","TOT","MLN_USD","A","2018",-906.8,
"LUX","OOF","TOT","MLN_USD","A","1987",6.627443,
"LUX","OOF","TOT","MLN_USD","A","1989",7.509331,
"NLD","OOF","TOT","MLN_USD","A","1968",102.831345,
"NLD","OOF","TOT","MLN_USD","A","1969",58.298139,
"NLD","OOF","TOT","MLN_USD","A","1970",116.672349,
"NLD","OOF","TOT","MLN_USD","A","1971",20.286102,
"NLD","OOF","TOT","MLN_USD","A","1972",32.466805,
"NLD","OOF","TOT","MLN_USD","A","1973",71.794741,
"NLD","OOF","TOT","MLN_USD","A","1974",36.170655,
"NLD","OOF","TOT","MLN_USD","A","1975",-5.576459,
"NLD","OOF","TOT","MLN_USD","A","1976",13.761162,
"NLD","OOF","TOT","MLN_USD","A","1977",6.891104,
"NLD","OOF","TOT","MLN_USD","A","1978",51.45689,
"NLD","OOF","TOT","MLN_USD","A","1979",5.022995,
"NLD","OOF","TOT","MLN_USD","A","1980",63.731335,
"NLD","OOF","TOT","MLN_USD","A","1981",36.092382,
"NLD","OOF","TOT","MLN_USD","A","1982",59.645954,
"NLD","OOF","TOT","MLN_USD","A","1983",76.003068,
"NLD","OOF","TOT","MLN_USD","A","1984",16.524421,
"NLD","OOF","TOT","MLN_USD","A","1985",46.624515,
"NLD","OOF","TOT","MLN_USD","A","1986",12.808317,
"NLD","OOF","TOT","MLN_USD","A","1987",7.511669,
"NLD","OOF","TOT","MLN_USD","A","1988",7.234016,
"NLD","OOF","TOT","MLN_USD","A","1989",-0.05743,
"NLD","OOF","TOT","MLN_USD","A","1990",80.593783,
"NLD","OOF","TOT","MLN_USD","A","1991",71.907231,
"NLD","OOF","TOT","MLN_USD","A","1992",135.601546,
"NLD","OOF","TOT","MLN_USD","A","1993",149.379925,
"NLD","OOF","TOT","MLN_USD","A","1994",71.561459,
"NLD","OOF","TOT","MLN_USD","A","1995",115.223391,
"NLD","OOF","TOT","MLN_USD","A","1996",75.26117,
"NLD","OOF","TOT","MLN_USD","A","1997",327.771724,
"NLD","OOF","TOT","MLN_USD","A","1998",309.15495,
"NLD","OOF","TOT","MLN_USD","A","1999",293.171002,
"NLD","OOF","TOT","MLN_USD","A","2000",227.066816,
"NLD","OOF","TOT","MLN_USD","A","2001",203.634443,
"NLD","OOF","TOT","MLN_USD","A","2002",354.112066,
"NLD","OOF","TOT","MLN_USD","A","2003",1136.173223,
"NLD","OOF","TOT","MLN_USD","A","2004",171.070952,
"NLD","OOF","TOT","MLN_USD","A","2005",169.500026,
"NLD","OOF","TOT","MLN_USD","A","2006",368.87102,
"NZL","OOF","TOT","MLN_USD","A","1968",21.651362,
"NZL","OOF","TOT","MLN_USD","A","1969",53.266823,
"NZL","OOF","TOT","MLN_USD","A","1970",78.963567,
"NZL","OOF","TOT","MLN_USD","A","1971",56.257254,
"NZL","OOF","TOT","MLN_USD","A","1972",36.725071,
"NZL","OOF","TOT","MLN_USD","A","1973",22.477697,
"NZL","OOF","TOT","MLN_USD","A","1977",43.52139,
"NZL","OOF","TOT","MLN_USD","A","1978",48.604252,
"NZL","OOF","TOT","MLN_USD","A","1979",1.104156,
"NZL","OOF","TOT","MLN_USD","A","1980",2.547891,
"NZL","OOF","TOT","MLN_USD","A","1981",2.311459,
"NZL","OOF","TOT","MLN_USD","A","1982",-3.36255,
"NZL","OOF","TOT","MLN_USD","A","1983",0.068751,
"NZL","OOF","TOT","MLN_USD","A","1984",1.087915,
"NZL","OOF","TOT","MLN_USD","A","1985",4.200739,
"NZL","OOF","TOT","MLN_USD","A","1986",3.157422,
"NZL","OOF","TOT","MLN_USD","A","1987",0,
"NZL","OOF","TOT","MLN_USD","A","1988",2.000593,
"NZL","OOF","TOT","MLN_USD","A","1989",3.176128,
"NZL","OOF","TOT","MLN_USD","A","2002",4.745694,
"NZL","OOF","TOT","MLN_USD","A","2003",4.960012,
"NZL","OOF","TOT","MLN_USD","A","2004",7.470907,
"NZL","OOF","TOT","MLN_USD","A","2005",9.20448,
"NZL","OOF","TOT","MLN_USD","A","2006",10.243704,
"NZL","OOF","TOT","MLN_USD","A","2007",9.618125,
"NZL","OOF","TOT","MLN_USD","A","2008",9.917089,
"NZL","OOF","TOT","MLN_USD","A","2009",9.953477,
"NZL","OOF","TOT","MLN_USD","A","2010",9.225647,
"NZL","OOF","TOT","MLN_USD","A","2011",9.481487,
"NZL","OOF","TOT","MLN_USD","A","2012",10.843834,
"NZL","OOF","TOT","MLN_USD","A","2013",10.217684,
"NZL","OOF","TOT","MLN_USD","A","2014",14.605811,
"NZL","OOF","TOT","MLN_USD","A","2015",16.751566,
"NZL","OOF","TOT","MLN_USD","A","2016",16.713481,
"NZL","OOF","TOT","MLN_USD","A","2017",15.4867,
"NOR","OOF","TOT","MLN_USD","A","1960",67.472351,
"NOR","OOF","TOT","MLN_USD","A","1961",29.548863,
"NOR","OOF","TOT","MLN_USD","A","1962",-5.124657,
"NOR","OOF","TOT","MLN_USD","A","1963",132.803493,
"NOR","OOF","TOT","MLN_USD","A","1964",88.991154,
"NOR","OOF","TOT","MLN_USD","A","1965",5.656604,
"NOR","OOF","TOT","MLN_USD","A","1966",-10.880459,
"NOR","OOF","TOT","MLN_USD","A","1967",10.566867,
"NOR","OOF","TOT","MLN_USD","A","1968",-24.260956,
"NOR","OOF","TOT","MLN_USD","A","1969",80.05455,
"NOR","OOF","TOT","MLN_USD","A","1971",8.135691,
"NOR","OOF","TOT","MLN_USD","A","1972",13.515699,
"NOR","OOF","TOT","MLN_USD","A","1974",-7.755717,
"NOR","OOF","TOT","MLN_USD","A","1975",-20.983428,
"NOR","OOF","TOT","MLN_USD","A","1976",16.539083,
"NOR","OOF","TOT","MLN_USD","A","1977",7.9814,
"NOR","OOF","TOT","MLN_USD","A","1978",2.665358,
"NOR","OOF","TOT","MLN_USD","A","1979",34.573576,
"NOR","OOF","TOT","MLN_USD","A","1980",73.317745,
"NOR","OOF","TOT","MLN_USD","A","1981",116.945409,
"NOR","OOF","TOT","MLN_USD","A","1982",144.57602,
"NOR","OOF","TOT","MLN_USD","A","1983",119.045074,
"NOR","OOF","TOT","MLN_USD","A","1984",79.983404,
"NOR","OOF","TOT","MLN_USD","A","1985",42.342823,
"NOR","OOF","TOT","MLN_USD","A","1986",20.266087,
"NOR","OOF","TOT","MLN_USD","A","1987",-10.5322,
"NOR","OOF","TOT","MLN_USD","A","1988",-25.088522,
"NOR","OOF","TOT","MLN_USD","A","1989",-44.457738,
"NOR","OOF","TOT","MLN_USD","A","1990",-26.17272,
"NOR","OOF","TOT","MLN_USD","A","1991",36.075409,
"NOR","OOF","TOT","MLN_USD","A","1992",-1.164903,
"NOR","OOF","TOT","MLN_USD","A","1993",6.995432,
"NOR","OOF","TOT","MLN_USD","A","1994",-2.364087,
"NOR","OOF","TOT","MLN_USD","A","1995",-0.734448,
"NOR","OOF","TOT","MLN_USD","A","1996",-0.980396,
"NOR","OOF","TOT","MLN_USD","A","1997",-0.279818,
"NOR","OOF","TOT","MLN_USD","A","1998",-0.28057,
"NOR","OOF","TOT","MLN_USD","A","2003",0.356378,
"NOR","OOF","TOT","MLN_USD","A","2004",0.36063,
"NOR","OOF","TOT","MLN_USD","A","2005",5.399854,
"NOR","OOF","TOT","MLN_USD","A","2006",5.288226,
"NOR","OOF","TOT","MLN_USD","A","2007",4.795719,
"NOR","OOF","TOT","MLN_USD","A","2008",0.429057,
"NOR","OOF","TOT","MLN_USD","A","2009",0.117166,
"NOR","OOF","TOT","MLN_USD","A","2010",0.585462,
"NOR","OOF","TOT","MLN_USD","A","2012",-0.162496,
"NOR","OOF","TOT","MLN_USD","A","2013",0.165827,
"NOR","OOF","TOT","MLN_USD","A","2014",-37.162849,
"NOR","OOF","TOT","MLN_USD","A","2015",305.137246,
"NOR","OOF","TOT","MLN_USD","A","2016",-108.143743,
"NOR","OOF","TOT","MLN_USD","A","2017",-133.225608,
"NOR","OOF","TOT","MLN_USD","A","2018",309.95,
"PRT","OOF","TOT","MLN_USD","A","1989",85.173885,
"PRT","OOF","TOT","MLN_USD","A","1990",65.084694,
"PRT","OOF","TOT","MLN_USD","A","1991",57.238789,
"PRT","OOF","TOT","MLN_USD","A","1992",52.360576,
"PRT","OOF","TOT","MLN_USD","A","1993",41.062563,
"PRT","OOF","TOT","MLN_USD","A","1994",727.251681,
"PRT","OOF","TOT","MLN_USD","A","1995",122.279612,
"PRT","OOF","TOT","MLN_USD","A","1996",233.965397,
"PRT","OOF","TOT","MLN_USD","A","1997",182.774829,
"PRT","OOF","TOT","MLN_USD","A","1998",183.605375,
"PRT","OOF","TOT","MLN_USD","A","1999",174.937021,
"PRT","OOF","TOT","MLN_USD","A","2000",141.757159,
"PRT","OOF","TOT","MLN_USD","A","2001",-1.917539,
"PRT","OOF","TOT","MLN_USD","A","2002",-2.309874,
"PRT","OOF","TOT","MLN_USD","A","2003",-2.395159,
"PRT","OOF","TOT","MLN_USD","A","2004",-307.683356,
"PRT","OOF","TOT","MLN_USD","A","2005",-3.132298,
"PRT","OOF","TOT","MLN_USD","A","2006",-22.24747,
"PRT","OOF","TOT","MLN_USD","A","2007",-231.550698,
"PRT","OOF","TOT","MLN_USD","A","2011",0.586895,
"PRT","OOF","TOT","MLN_USD","A","2012",1.952522,
"PRT","OOF","TOT","MLN_USD","A","2013",2.82575,
"PRT","OOF","TOT","MLN_USD","A","2014",1.741814,
"PRT","OOF","TOT","MLN_USD","A","2015",-0.502164,
"PRT","OOF","TOT","MLN_USD","A","2016",0.726326,
"PRT","OOF","TOT","MLN_USD","A","2017",-0.489202,
"PRT","OOF","TOT","MLN_USD","A","2018",-10.78,
"ESP","OOF","TOT","MLN_USD","A","1983",6.183766,
"ESP","OOF","TOT","MLN_USD","A","1985",148.212212,
"ESP","OOF","TOT","MLN_USD","A","1986",135.529031,
"ESP","OOF","TOT","MLN_USD","A","1994",0,
"ESP","OOF","TOT","MLN_USD","A","1995",0,
"ESP","OOF","TOT","MLN_USD","A","1998",54.382423,
"ESP","OOF","TOT","MLN_USD","A","1999",28.620118,
"ESP","OOF","TOT","MLN_USD","A","2000",5.835161,
"ESP","OOF","TOT","MLN_USD","A","2001",257.26345,
"ESP","OOF","TOT","MLN_USD","A","2002",87.464418,
"ESP","OOF","TOT","MLN_USD","A","2003",103.41267,
"ESP","OOF","TOT","MLN_USD","A","2004",28.19829,
"ESP","OOF","TOT","MLN_USD","A","2005",72.318197,
"ESP","OOF","TOT","MLN_USD","A","2007",5.752012,
"ESP","OOF","TOT","MLN_USD","A","2009",3.046193,
"ESP","OOF","TOT","MLN_USD","A","2011",3.582384,
"ESP","OOF","TOT","MLN_USD","A","2012",2.358263,
"ESP","OOF","TOT","MLN_USD","A","2013",129.023386,
"ESP","OOF","TOT","MLN_USD","A","2014",3.448531,
"ESP","OOF","TOT","MLN_USD","A","2015",6.345058,
"ESP","OOF","TOT","MLN_USD","A","2016",110.652988,
"ESP","OOF","TOT","MLN_USD","A","2017",87.626594,
"ESP","OOF","TOT","MLN_USD","A","2018",166.1,
"SWE","OOF","TOT","MLN_USD","A","1977",3.619608,
"SWE","OOF","TOT","MLN_USD","A","1978",19.584622,
"SWE","OOF","TOT","MLN_USD","A","1979",4.236461,
"SWE","OOF","TOT","MLN_USD","A","1981",94.347631,
"SWE","OOF","TOT","MLN_USD","A","1982",11.872686,
"SWE","OOF","TOT","MLN_USD","A","1983",13.662012,
"SWE","OOF","TOT","MLN_USD","A","1984",3.466381,
"SWE","OOF","TOT","MLN_USD","A","1985",0.355314,
"SWE","OOF","TOT","MLN_USD","A","1986",713.295831,
"SWE","OOF","TOT","MLN_USD","A","1987",3.073393,
"SWE","OOF","TOT","MLN_USD","A","1990",2.162214,
"SWE","OOF","TOT","MLN_USD","A","1991",8.490623,
"SWE","OOF","TOT","MLN_USD","A","1992",4.43498,
"SWE","OOF","TOT","MLN_USD","A","1993",3.707885,
"SWE","OOF","TOT","MLN_USD","A","1994",0,
"SWE","OOF","TOT","MLN_USD","A","1995",4.144368,
"SWE","OOF","TOT","MLN_USD","A","1996",0.021916,
"SWE","OOF","TOT","MLN_USD","A","1997",1.64786,
"SWE","OOF","TOT","MLN_USD","A","1998",16.820182,
"SWE","OOF","TOT","MLN_USD","A","1999",-0.797505,
"SWE","OOF","TOT","MLN_USD","A","2000",0.185715,
"SWE","OOF","TOT","MLN_USD","A","2001",1.842343,
"SWE","OOF","TOT","MLN_USD","A","2002",2.624604,
"SWE","OOF","TOT","MLN_USD","A","2003",14.371469,
"SWE","OOF","TOT","MLN_USD","A","2004",-69.087757,
"SWE","OOF","TOT","MLN_USD","A","2005",27.093673,
"SWE","OOF","TOT","MLN_USD","A","2006",68.27192,
"SWE","OOF","TOT","MLN_USD","A","2007",25.485482,
"SWE","OOF","TOT","MLN_USD","A","2008",27.747769,
"SWE","OOF","TOT","MLN_USD","A","2009",71.247277,
"SWE","OOF","TOT","MLN_USD","A","2010",0.047056,
"SWE","OOF","TOT","MLN_USD","A","2011",27.255038,
"SWE","OOF","TOT","MLN_USD","A","2012",-42.012964,
"SWE","OOF","TOT","MLN_USD","A","2013",-19.292237,
"SWE","OOF","TOT","MLN_USD","A","2014",-24.971931,
"SWE","OOF","TOT","MLN_USD","A","2015",47.320178,
"SWE","OOF","TOT","MLN_USD","A","2016",25.065657,
"SWE","OOF","TOT","MLN_USD","A","2017",7.086802,
"SWE","OOF","TOT","MLN_USD","A","2018",25.13,
"CHE","OOF","TOT","MLN_USD","A","1961",297.000126,
"CHE","OOF","TOT","MLN_USD","A","1965",-121.877888,
"CHE","OOF","TOT","MLN_USD","A","1966",-158.450625,
"CHE","OOF","TOT","MLN_USD","A","1967",-130.014778,
"CHE","OOF","TOT","MLN_USD","A","1968",-79.743623,
"CHE","OOF","TOT","MLN_USD","A","1969",-77.256398,
"CHE","OOF","TOT","MLN_USD","A","1970",-62.5426,
"CHE","OOF","TOT","MLN_USD","A","1971",-9.325675,
"CHE","OOF","TOT","MLN_USD","A","1972",24.607484,
"CHE","OOF","TOT","MLN_USD","A","1973",40.787573,
"CHE","OOF","TOT","MLN_USD","A","1974",66.51447,
"CHE","OOF","TOT","MLN_USD","A","1975",-24.443246,
"CHE","OOF","TOT","MLN_USD","A","1976",-13.346615,
"CHE","OOF","TOT","MLN_USD","A","1977",-20.007481,
"CHE","OOF","TOT","MLN_USD","A","1978",-7.728065,
"CHE","OOF","TOT","MLN_USD","A","1979",169.042629,
"CHE","OOF","TOT","MLN_USD","A","1980",35.944886,
"CHE","OOF","TOT","MLN_USD","A","1981",50.208214,
"CHE","OOF","TOT","MLN_USD","A","1982",21.156803,
"CHE","OOF","TOT","MLN_USD","A","1983",51.668719,
"CHE","OOF","TOT","MLN_USD","A","1984",-16.23931,
"CHE","OOF","TOT","MLN_USD","A","1985",-18.518802,
"CHE","OOF","TOT","MLN_USD","A","1986",-18.075784,
"CHE","OOF","TOT","MLN_USD","A","1987",-20.387933,
"CHE","OOF","TOT","MLN_USD","A","1988",0,
"CHE","OOF","TOT","MLN_USD","A","1989",0,
"CHE","OOF","TOT","MLN_USD","A","1990",0,
"CHE","OOF","TOT","MLN_USD","A","1991",-5.894733,
"CHE","OOF","TOT","MLN_USD","A","1992",-1.398399,
"CHE","OOF","TOT","MLN_USD","A","1998",57.62759,
"CHE","OOF","TOT","MLN_USD","A","1999",35.47711,
"CHE","OOF","TOT","MLN_USD","A","2000",14.065464,
"CHE","OOF","TOT","MLN_USD","A","2001",11.88035,
"CHE","OOF","TOT","MLN_USD","A","2002",5.496536,
"CHE","OOF","TOT","MLN_USD","A","2003",0.087772,
"CHE","OOF","TOT","MLN_USD","A","2006",22.777933,
"CHE","OOF","TOT","MLN_USD","A","2014",19.92637,
"CHE","OOF","TOT","MLN_USD","A","2015",26.330841,
"CHE","OOF","TOT","MLN_USD","A","2016",17.021865,
"CHE","OOF","TOT","MLN_USD","A","2017",133.561861,
"TUR","OOF","TOT","MLN_USD","A","1997",317.10432,
"TUR","OOF","TOT","MLN_USD","A","1998",111.969297,
"TUR","OOF","TOT","MLN_USD","A","1999",249.720041,
"TUR","OOF","TOT","MLN_USD","A","2000",70.03289,
"TUR","OOF","TOT","MLN_USD","A","2003",44.808573,
"TUR","OOF","TOT","MLN_USD","A","2004",703.576182,
"TUR","OOF","TOT","MLN_USD","A","2005",297.663681,
"TUR","OOF","TOT","MLN_USD","A","2006",0,
"TUR","OOF","TOT","MLN_USD","A","2007",0,
"TUR","OOF","TOT","MLN_USD","A","2008",0,
"TUR","OOF","TOT","MLN_USD","A","2009",0,
"TUR","OOF","TOT","MLN_USD","A","2010",0,
"TUR","OOF","TOT","MLN_USD","A","2011",0,
"TUR","OOF","TOT","MLN_USD","A","2012",0,
"TUR","OOF","TOT","MLN_USD","A","2013",-2.406835,
"TUR","OOF","TOT","MLN_USD","A","2014",0,
"TUR","OOF","TOT","MLN_USD","A","2015",0,
"TUR","OOF","TOT","MLN_USD","A","2018",250,
"GBR","OOF","TOT","MLN_USD","A","1965",108.372411,
"GBR","OOF","TOT","MLN_USD","A","1966",213.906455,
"GBR","OOF","TOT","MLN_USD","A","1967",-62.705625,
"GBR","OOF","TOT","MLN_USD","A","1968",113.82081,
"GBR","OOF","TOT","MLN_USD","A","1969",46.609578,
"GBR","OOF","TOT","MLN_USD","A","1970",68.544956,
"GBR","OOF","TOT","MLN_USD","A","1971",115.458669,
"GBR","OOF","TOT","MLN_USD","A","1972",2280.960044,
"GBR","OOF","TOT","MLN_USD","A","1973",3868.654989,
"GBR","OOF","TOT","MLN_USD","A","1974",4378.861121,
"GBR","OOF","TOT","MLN_USD","A","1975",3978.4469,
"GBR","OOF","TOT","MLN_USD","A","1976",3861.868443,
"GBR","OOF","TOT","MLN_USD","A","1977",410.755083,
"GBR","OOF","TOT","MLN_USD","A","1978",1196.495032,
"GBR","OOF","TOT","MLN_USD","A","1979",1247.845485,
"GBR","OOF","TOT","MLN_USD","A","1980",-334.278981,
"GBR","OOF","TOT","MLN_USD","A","1981",729.230676,
"GBR","OOF","TOT","MLN_USD","A","1982",344.227731,
"GBR","OOF","TOT","MLN_USD","A","1983",502.913503,
"GBR","OOF","TOT","MLN_USD","A","1984",1224.911519,
"GBR","OOF","TOT","MLN_USD","A","1985",997.59651,
"GBR","OOF","TOT","MLN_USD","A","1986",695.923396,
"GBR","OOF","TOT","MLN_USD","A","1987",484.509519,
"GBR","OOF","TOT","MLN_USD","A","1988",515.524436,
"GBR","OOF","TOT","MLN_USD","A","1989",738.59531,
"GBR","OOF","TOT","MLN_USD","A","1990",860.624749,
"GBR","OOF","TOT","MLN_USD","A","1991",667.911271,
"GBR","OOF","TOT","MLN_USD","A","1992",375.962844,
"GBR","OOF","TOT","MLN_USD","A","1993",194.520275,
"GBR","OOF","TOT","MLN_USD","A","1994",84.064908,
"GBR","OOF","TOT","MLN_USD","A","1995",260.772768,
"GBR","OOF","TOT","MLN_USD","A","1996",76.328329,
"GBR","OOF","TOT","MLN_USD","A","1997",-191.751207,
"GBR","OOF","TOT","MLN_USD","A","1998",-64.042058,
"GBR","OOF","TOT","MLN_USD","A","1999",-28.319591,
"GBR","OOF","TOT","MLN_USD","A","2000",-90.171101,
"GBR","OOF","TOT","MLN_USD","A","2001",29.550054,
"GBR","OOF","TOT","MLN_USD","A","2002",-4.666826,
"GBR","OOF","TOT","MLN_USD","A","2003",54.834223,
"GBR","OOF","TOT","MLN_USD","A","2004",-148.677779,
"GBR","OOF","TOT","MLN_USD","A","2005",-93.251201,
"GBR","OOF","TOT","MLN_USD","A","2006",-58.481605,
"GBR","OOF","TOT","MLN_USD","A","2007",-35.003237,
"GBR","OOF","TOT","MLN_USD","A","2008",-19.611438,
"GBR","OOF","TOT","MLN_USD","A","2009",302.691541,
"GBR","OOF","TOT","MLN_USD","A","2010",-18.879067,
"GBR","OOF","TOT","MLN_USD","A","2011",-37.202783,
"GBR","OOF","TOT","MLN_USD","A","2012",33.566622,
"GBR","OOF","TOT","MLN_USD","A","2013",172.878123,
"GBR","OOF","TOT","MLN_USD","A","2014",35.466138,
"GBR","OOF","TOT","MLN_USD","A","2017",-389.333286,
"GBR","OOF","TOT","MLN_USD","A","2018",-512.61,
"USA","OOF","TOT","MLN_USD","A","1960",491.119172,
"USA","OOF","TOT","MLN_USD","A","1961",3309.68376,
"USA","OOF","TOT","MLN_USD","A","1962",1972.303026,
"USA","OOF","TOT","MLN_USD","A","1963",461.827015,
"USA","OOF","TOT","MLN_USD","A","1964",-1119.528918,
"USA","OOF","TOT","MLN_USD","A","1965",424.989191,
"USA","OOF","TOT","MLN_USD","A","1966",448.414201,
"USA","OOF","TOT","MLN_USD","A","1967",1214.076887,
"USA","OOF","TOT","MLN_USD","A","1968",1674.166946,
"USA","OOF","TOT","MLN_USD","A","1969",890.184769,
"USA","OOF","TOT","MLN_USD","A","1970",702.937172,
"USA","OOF","TOT","MLN_USD","A","1971",862.949385,
"USA","OOF","TOT","MLN_USD","A","1972",4.647137,
"USA","OOF","TOT","MLN_USD","A","1973",30.840014,
"USA","OOF","TOT","MLN_USD","A","1974",1394.487103,
"USA","OOF","TOT","MLN_USD","A","1975",22.195996,
"USA","OOF","TOT","MLN_USD","A","1976",-308.560128,
"USA","OOF","TOT","MLN_USD","A","1977",293.811204,
"USA","OOF","TOT","MLN_USD","A","1978",1616.174925,
"USA","OOF","TOT","MLN_USD","A","1979",1042.376447,
"USA","OOF","TOT","MLN_USD","A","1980",1023.929226,
"USA","OOF","TOT","MLN_USD","A","1981",527.366352,
"USA","OOF","TOT","MLN_USD","A","1982",2382.266855,
"USA","OOF","TOT","MLN_USD","A","1983",-1810.191612,
"USA","OOF","TOT","MLN_USD","A","1984",2260.659652,
"USA","OOF","TOT","MLN_USD","A","1985",2142.796831,
"USA","OOF","TOT","MLN_USD","A","1986",2366.27999,
"USA","OOF","TOT","MLN_USD","A","1987",1984.002936,
"USA","OOF","TOT","MLN_USD","A","1988",5250.011316,
"USA","OOF","TOT","MLN_USD","A","1989",743.040749,
"USA","OOF","TOT","MLN_USD","A","1990",981.564246,
"USA","OOF","TOT","MLN_USD","A","1991",-1301.727632,
"USA","OOF","TOT","MLN_USD","A","1992",5571.445282,
"USA","OOF","TOT","MLN_USD","A","1993",2605.093368,
"USA","OOF","TOT","MLN_USD","A","1994",1830.616233,
"USA","OOF","TOT","MLN_USD","A","1995",3189.639069,
"USA","OOF","TOT","MLN_USD","A","1996",2306.968033,
"USA","OOF","TOT","MLN_USD","A","1997",1373.472875,
"USA","OOF","TOT","MLN_USD","A","1998",304.477159,
"USA","OOF","TOT","MLN_USD","A","1999",6335.418922,
"USA","OOF","TOT","MLN_USD","A","2000",513.253508,
"USA","OOF","TOT","MLN_USD","A","2001",570.739352,
"USA","OOF","TOT","MLN_USD","A","2002",1002.620633,
"USA","OOF","TOT","MLN_USD","A","2003",2734.233701,
"USA","OOF","TOT","MLN_USD","A","2004",883.853357,
"USA","OOF","TOT","MLN_USD","A","2005",439.262568,
"USA","OOF","TOT","MLN_USD","A","2006",388.710082,
"USA","OOF","TOT","MLN_USD","A","2007",-98.509577,
"USA","OOF","TOT","MLN_USD","A","2008",-322.517676,
"USA","OOF","TOT","MLN_USD","A","2009",248.074952,
"USA","OOF","TOT","MLN_USD","A","2010",488.941577,
"USA","OOF","TOT","MLN_USD","A","2011",622.692363,
"USA","OOF","TOT","MLN_USD","A","2012",100.901612,
"USA","OOF","TOT","MLN_USD","A","2013",-43.894493,
"USA","OOF","TOT","MLN_USD","A","2014",45.483623,
"USA","OOF","TOT","MLN_USD","A","2015",526.322793,
"USA","OOF","TOT","MLN_USD","A","2016",228.643831,
"USA","OOF","TOT","MLN_USD","A","2017",408.463348,
"USA","OOF","TOT","MLN_USD","A","2018",98.5,
"DAC","OOF","TOT","MLN_USD","A","1960",2649.775535,
"DAC","OOF","TOT","MLN_USD","A","1961",7423.615727,
"DAC","OOF","TOT","MLN_USD","A","1962",4256.235736,
"DAC","OOF","TOT","MLN_USD","A","1963",1861.076938,
"DAC","OOF","TOT","MLN_USD","A","1964",352.454521,
"DAC","OOF","TOT","MLN_USD","A","1965",2582.043806,
"DAC","OOF","TOT","MLN_USD","A","1966",3586.253257,
"DAC","OOF","TOT","MLN_USD","A","1967",3538.802304,
"DAC","OOF","TOT","MLN_USD","A","1968",5128.46376,
"DAC","OOF","TOT","MLN_USD","A","1969",1853.443117,
"DAC","OOF","TOT","MLN_USD","A","1970",7773.624548,
"DAC","OOF","TOT","MLN_USD","A","1971",5514.766031,
"DAC","OOF","TOT","MLN_USD","A","1972",7537.504254,
"DAC","OOF","TOT","MLN_USD","A","1973",10107.211513,
"DAC","OOF","TOT","MLN_USD","A","1974",10184.412988,
"DAC","OOF","TOT","MLN_USD","A","1975",11088.926881,
"DAC","OOF","TOT","MLN_USD","A","1976",12023.815565,
"DAC","OOF","TOT","MLN_USD","A","1977",7188.155812,
"DAC","OOF","TOT","MLN_USD","A","1978",9761.459953,
"DAC","OOF","TOT","MLN_USD","A","1979",5307.741618,
"DAC","OOF","TOT","MLN_USD","A","1980",6004.315295,
"DAC","OOF","TOT","MLN_USD","A","1981",9774.836486,
"DAC","OOF","TOT","MLN_USD","A","1982",12626.649813,
"DAC","OOF","TOT","MLN_USD","A","1983",5411.580419,
"DAC","OOF","TOT","MLN_USD","A","1984",12358.124965,
"DAC","OOF","TOT","MLN_USD","A","1985",9152.619264,
"DAC","OOF","TOT","MLN_USD","A","1986",7537.699865,
"DAC","OOF","TOT","MLN_USD","A","1987",8422.889546,
"DAC","OOF","TOT","MLN_USD","A","1988",10163.681663,
"DAC","OOF","TOT","MLN_USD","A","1989",9621.250679,
"DAC","OOF","TOT","MLN_USD","A","1990",13112.378221,
"DAC","OOF","TOT","MLN_USD","A","1991",6801.10152,
"DAC","OOF","TOT","MLN_USD","A","1992",12200.589792,
"DAC","OOF","TOT","MLN_USD","A","1993",8427.482427,
"DAC","OOF","TOT","MLN_USD","A","1994",13238.429518,
"DAC","OOF","TOT","MLN_USD","A","1995",12177.111742,
"DAC","OOF","TOT","MLN_USD","A","1996",5738.166535,
"DAC","OOF","TOT","MLN_USD","A","1997",6385.599456,
"DAC","OOF","TOT","MLN_USD","A","1998",10453.326572,
"DAC","OOF","TOT","MLN_USD","A","1999",16102.60948,
"DAC","OOF","TOT","MLN_USD","A","2000",-2582.626688,
"DAC","OOF","TOT","MLN_USD","A","2001",-1597.789358,
"DAC","OOF","TOT","MLN_USD","A","2002",6344.090377,
"DAC","OOF","TOT","MLN_USD","A","2003",6429.516,
"DAC","OOF","TOT","MLN_USD","A","2004",258.183494,
"DAC","OOF","TOT","MLN_USD","A","2005",11565.884975,
"DAC","OOF","TOT","MLN_USD","A","2006",2111.798146,
"DAC","OOF","TOT","MLN_USD","A","2007",1702.702157,
"DAC","OOF","TOT","MLN_USD","A","2008",3038.23636,
"DAC","OOF","TOT","MLN_USD","A","2009",10813.984029,
"DAC","OOF","TOT","MLN_USD","A","2010",7261.104238,
"DAC","OOF","TOT","MLN_USD","A","2011",6701.095331,
"DAC","OOF","TOT","MLN_USD","A","2012",6621.84763,
"DAC","OOF","TOT","MLN_USD","A","2013",4397.993441,
"DAC","OOF","TOT","MLN_USD","A","2014",1893.78173,
"DAC","OOF","TOT","MLN_USD","A","2015",3650.551549,
"DAC","OOF","TOT","MLN_USD","A","2016",-1352.15167,
"DAC","OOF","TOT","MLN_USD","A","2017",-2386.73044,
"DAC","OOF","TOT","MLN_USD","A","2018",49.76,
"RUS","OOF","TOT","MLN_USD","A","2010",168.602077,
"ARE","OOF","TOT","MLN_USD","A","2009",9.369174,
"ARE","OOF","TOT","MLN_USD","A","2010",-1.791221,
"ARE","OOF","TOT","MLN_USD","A","2011",23.01944,
"ARE","OOF","TOT","MLN_USD","A","2012",58.102379,
"ARE","OOF","TOT","MLN_USD","A","2013",7.039688,
"ARE","OOF","TOT","MLN_USD","A","2014",474.877543,
"ARE","OOF","TOT","MLN_USD","A","2015",4037.301314,
"ARE","OOF","TOT","MLN_USD","A","2016",884.360882,
"ARE","OOF","TOT","MLN_USD","A","2018",1363.33,
"CZE","OOF","TOT","MLN_USD","A","2014",0,
"CZE","OOF","TOT","MLN_USD","A","2015",0,
"LTU","OOF","TOT","MLN_USD","A","2014",0.428384,
"LTU","OOF","TOT","MLN_USD","A","2015",0.361002,
"POL","OOF","TOT","MLN_USD","A","2016",-1.102415,
"POL","OOF","TOT","MLN_USD","A","2017",0.126989,
"POL","OOF","TOT","MLN_USD","A","2018",23.82,
"EST","OOF","TOT","MLN_USD","A","2017",0.076591,
"ROU","OOF","TOT","MLN_USD","A","2016",70.369298,
"SAU","OOF","TOT","MLN_USD","A","2015",4.472817,
"SAU","OOF","TOT","MLN_USD","A","2016",5.460327,
"SAU","OOF","TOT","MLN_USD","A","2017",6.064861,
"SVN","OOF","TOT","MLN_USD","A","2018",5.3,
